{
  "FinBERT": {
    "model_id": "ProsusAI/finbert",
    "accuracy": 0.881198347107438,
    "f1_macro": 0.8720214897085038,
    "ece_before_tscaling": 0.02331208259113564,
    "ece_after_tscaling": 0.02369116218991514,
    "temperature": 0.8555421829223633,
    "bin_data_before": {
      "bin_boundaries": [
        0.0,
        0.06666666666666667,
        0.13333333333333333,
        0.2,
        0.26666666666666666,
        0.3333333333333333,
        0.4,
        0.4666666666666667,
        0.5333333333333333,
        0.6,
        0.6666666666666666,
        0.7333333333333333,
        0.8,
        0.8666666666666667,
        0.9333333333333333,
        1.0
      ],
      "bin_accuracies": [
        0.0,
        0.0,
        0.0,
        0.0,
        0.0,
        0.5,
        1.0,
        0.4,
        0.4722222222222222,
        0.6363636363636364,
        0.6129032258064516,
        0.8153846153846154,
        0.84,
        0.9198473282442748,
        0.9692671394799054
      ],
      "bin_confidences": [
        0.03333333333333333,
        0.1,
        0.16666666666666669,
        0.23333333333333334,
        0.3,
        0.3890001177787781,
        0.4351728558540344,
        0.5107184012730916,
        0.5665773567226198,
        0.6358696475173488,
        0.7037841043164653,
        0.7716137225811298,
        0.8363922047615051,
        0.9067107423116233,
        0.9521502925712729
      ],
      "bin_counts": [
        0,
        0,
        0,
        0,
        0,
        2,
        1,
        15,
        36,
        33,
        31,
        65,
        100,
        262,
        423
      ],
      "n_bins": 15
    },
    "bin_data_after": {
      "bin_boundaries": [
        0.0,
        0.06666666666666667,
        0.13333333333333333,
        0.2,
        0.26666666666666666,
        0.3333333333333333,
        0.4,
        0.4666666666666667,
        0.5333333333333333,
        0.6,
        0.6666666666666666,
        0.7333333333333333,
        0.8,
        0.8666666666666667,
        0.9333333333333333,
        1.0
      ],
      "bin_accuracies": [
        0.0,
        0.0,
        0.0,
        0.0,
        0.0,
        0.0,
        1.0,
        0.4166666666666667,
        0.42857142857142855,
        0.5714285714285714,
        0.7037037037037037,
        0.625,
        0.84,
        0.874251497005988,
        0.9608843537414966
      ],
      "bin_confidences": [
        0.03333333333333333,
        0.1,
        0.16666666666666669,
        0.23333333333333334,
        0.3,
        0.3916547894477844,
        0.42640775442123413,
        0.5122034723560015,
        0.5702521651983261,
        0.6288118192127773,
        0.6975601514180502,
        0.7702100247144699,
        0.8345265825589497,
        0.9048384913427387,
        0.9662944918789831
      ],
      "bin_counts": [
        0,
        0,
        0,
        0,
        0,
        1,
        2,
        12,
        28,
        28,
        27,
        40,
        75,
        167,
        588
      ],
      "n_bins": 15
    }
  },
  "DistilRoBERTa-Financial": {
    "model_id": "mrm8488/distilroberta-finetuned-financial-news-sentiment-analysis",
    "accuracy": 0.8502066115702479,
    "f1_macro": 0.8358354096189311,
    "ece_before_tscaling": 0.1410857096683881,
    "ece_after_tscaling": 0.033077479886614636,
    "temperature": 3.041280508041382,
    "bin_data_before": {
      "bin_boundaries": [
        0.0,
        0.06666666666666667,
        0.13333333333333333,
        0.2,
        0.26666666666666666,
        0.3333333333333333,
        0.4,
        0.4666666666666667,
        0.5333333333333333,
        0.6,
        0.6666666666666666,
        0.7333333333333333,
        0.8,
        0.8666666666666667,
        0.9333333333333333,
        1.0
      ],
      "bin_accuracies": [
        0.0,
        0.0,
        0.0,
        0.0,
        0.0,
        0.0,
        0.0,
        0.6666666666666666,
        1.0,
        0.0,
        0.6666666666666666,
        0.625,
        0.5,
        0.6,
        0.8627027027027027
      ],
      "bin_confidences": [
        0.03333333333333333,
        0.1,
        0.16666666666666669,
        0.23333333333333334,
        0.3,
        0.3666666666666667,
        0.43333333333333335,
        0.5206199487050375,
        0.5589463114738464,
        0.6419564882914225,
        0.684119462966919,
        0.7704046592116356,
        0.8274862170219421,
        0.899947053194046,
        0.9982070373200082
      ],
      "bin_counts": [
        0,
        0,
        0,
        0,
        0,
        0,
        0,
        3,
        3,
        3,
        6,
        8,
        10,
        10,
        925
      ],
      "n_bins": 15
    },
    "bin_data_after": {
      "bin_boundaries": [
        0.0,
        0.06666666666666667,
        0.13333333333333333,
        0.2,
        0.26666666666666666,
        0.3333333333333333,
        0.4,
        0.4666666666666667,
        0.5333333333333333,
        0.6,
        0.6666666666666666,
        0.7333333333333333,
        0.8,
        0.8666666666666667,
        0.9333333333333333,
        1.0
      ],
      "bin_accuracies": [
        0.0,
        0.0,
        0.0,
        0.0,
        0.0,
        0.0,
        0.0,
        0.6428571428571429,
        0.5294117647058824,
        0.5454545454545454,
        0.5714285714285714,
        0.6578947368421053,
        0.7801418439716312,
        0.8980716253443526,
        0.0
      ],
      "bin_confidences": [
        0.03333333333333333,
        0.1,
        0.16666666666666669,
        0.23333333333333334,
        0.3,
        0.3666666666666667,
        0.43333333333333335,
        0.5052025743893215,
        0.5701060785966761,
        0.6250382228331133,
        0.6998417292322431,
        0.7659900878605089,
        0.8445462795859533,
        0.9154811125484709,
        0.9666666666666667
      ],
      "bin_counts": [
        0,
        0,
        0,
        0,
        0,
        0,
        0,
        14,
        17,
        11,
        21,
        38,
        141,
        726,
        0
      ],
      "n_bins": 15
    }
  }
}