{
  "version": "v2_distilbert_student",
  "config": {
    "data_dir": "FinancialPhraseBank-v1.0",
    "results_dir": "results_v2_smoke",
    "student_model": "distilbert-base-uncased",
    "student_max_length": 128,
    "batch_size": 32,
    "ce_epochs": 1,
    "kd_epochs": 1,
    "lr": 2e-05,
    "weight_decay": 0.01,
    "warmup_ratio": 0.1,
    "use_kd": false,
    "alpha": 0.5,
    "kd_temperature": 2.0,
    "test_split": 0.2,
    "val_split": 0.2,
    "target_retention": 0.98,
    "max_teacher_pct": 30.0,
    "n_bootstrap": 50,
    "seed": 42
  },
  "training": {
    "ce_history": [
      {
        "epoch": 1,
        "train_loss": 0.8264863425558739,
        "val_accuracy": 0.6973140495867769,
        "val_f1_macro": 0.453925353925354
      }
    ],
    "kd_enabled": false,
    "kd_history": []
  },
  "threshold_optimization": {
    "validation_teacher_acc": 0.8925619834710744,
    "opt_results": {
      "0.0": {
        "tau": 0.93,
        "accuracy": 0.8925619834710744,
        "f1_macro": 0.8890923325757337,
        "finbert_pct": 94.93801652892562,
        "vader_pct": 5.06198347107438,
        "cost": 0.1074380165289256
      },
      "0.01": {
        "tau": 0.93,
        "accuracy": 0.8925619834710744,
        "f1_macro": 0.8890923325757337,
        "finbert_pct": 94.93801652892562,
        "vader_pct": 5.06198347107438,
        "cost": 0.11693181818181816
      },
      "0.05": {
        "tau": 0.9,
        "accuracy": 0.887396694214876,
        "f1_macro": 0.884541237627208,
        "finbert_pct": 77.68595041322314,
        "vader_pct": 22.31404958677686,
        "cost": 0.15144628099173557
      },
      "0.1": {
        "tau": 0.77,
        "accuracy": 0.8646694214876033,
        "f1_macro": 0.8594684781972964,
        "finbert_pct": 50.51652892561983,
        "vader_pct": 49.48347107438016,
        "cost": 0.18584710743801655
      },
      "0.2": {
        "tau": 0.77,
        "accuracy": 0.8646694214876033,
        "f1_macro": 0.8594684781972964,
        "finbert_pct": 50.51652892561983,
        "vader_pct": 49.48347107438016,
        "cost": 0.2363636363636364
      },
      "0.5": {
        "tau": 0.51,
        "accuracy": 0.7665289256198347,
        "f1_macro": 0.6791832595951369,
        "finbert_pct": 12.396694214876034,
        "vader_pct": 87.60330578512396,
        "cost": 0.2954545454545455
      }
    },
    "target_operating_point": {
      "tau": 0.56,
      "accuracy": 0.8161157024793388,
      "finbert_pct": 29.44214876033058,
      "meets_target": false
    },
    "selected_tau": 0.93
  },
  "expA_baselines": {
    "VADER": {
      "accuracy": 0.5454545454545454,
      "f1_macro": 0.4986070494880838,
      "total_time": 0.06099820137023926,
      "avg_time_ms": 0.06301467083702403
    },
    "DistilBERT": {
      "accuracy": 0.6632231404958677,
      "f1_macro": 0.4223487401277941,
      "total_time": 1.5647501945495605,
      "avg_time_ms": 1.6164774737082237
    },
    "FinBERT": {
      "accuracy": 0.881198347107438,
      "f1_macro": 0.8720214897085038,
      "total_time": 3.0603487491607666,
      "avg_time_ms": 3.161517302852032
    }
  },
  "expB_hypothesis": {
    "teacher_accuracy": 0.881198347107438,
    "teacher_f1": 0.8720214897085038,
    "hybrid_accuracy": 0.881198347107438,
    "hybrid_f1": 0.8720214897085038,
    "accuracy_retention": 1.0,
    "f1_retention": 1.0,
    "teacher_usage_pct": 95.55785123966942,
    "target_retention": 0.98,
    "target_max_teacher_pct": 30.0,
    "hypothesis_accuracy_met": true,
    "hypothesis_cost_met": false,
    "selected_tau": 0.93,
    "ci_retention_95": [
      1.0,
      1.0
    ],
    "ci_teacher_usage_95": [
      94.11157024793388,
      96.77427685950413
    ],
    "mcnemar_statistic": 0.0,
    "mcnemar_p_value": 1.0,
    "sweep": [
      {
        "tau": 0.0,
        "accuracy": 0.6632231404958677,
        "retention": 0.7526377491207502,
        "teacher_pct": 0.0
      },
      {
        "tau": 0.02,
        "accuracy": 0.6632231404958677,
        "retention": 0.7526377491207502,
        "teacher_pct": 0.0
      },
      {
        "tau": 0.04,
        "accuracy": 0.6632231404958677,
        "retention": 0.7526377491207502,
        "teacher_pct": 0.0
      },
      {
        "tau": 0.06,
        "accuracy": 0.6632231404958677,
        "retention": 0.7526377491207502,
        "teacher_pct": 0.0
      },
      {
        "tau": 0.08,
        "accuracy": 0.6632231404958677,
        "retention": 0.7526377491207502,
        "teacher_pct": 0.0
      },
      {
        "tau": 0.1,
        "accuracy": 0.6632231404958677,
        "retention": 0.7526377491207502,
        "teacher_pct": 0.0
      },
      {
        "tau": 0.12,
        "accuracy": 0.6632231404958677,
        "retention": 0.7526377491207502,
        "teacher_pct": 0.0
      },
      {
        "tau": 0.14,
        "accuracy": 0.6632231404958677,
        "retention": 0.7526377491207502,
        "teacher_pct": 0.0
      },
      {
        "tau": 0.16,
        "accuracy": 0.6632231404958677,
        "retention": 0.7526377491207502,
        "teacher_pct": 0.0
      },
      {
        "tau": 0.18,
        "accuracy": 0.6632231404958677,
        "retention": 0.7526377491207502,
        "teacher_pct": 0.0
      },
      {
        "tau": 0.2,
        "accuracy": 0.6632231404958677,
        "retention": 0.7526377491207502,
        "teacher_pct": 0.0
      },
      {
        "tau": 0.22,
        "accuracy": 0.6632231404958677,
        "retention": 0.7526377491207502,
        "teacher_pct": 0.0
      },
      {
        "tau": 0.24,
        "accuracy": 0.6632231404958677,
        "retention": 0.7526377491207502,
        "teacher_pct": 0.0
      },
      {
        "tau": 0.26,
        "accuracy": 0.6632231404958677,
        "retention": 0.7526377491207502,
        "teacher_pct": 0.0
      },
      {
        "tau": 0.28,
        "accuracy": 0.6632231404958677,
        "retention": 0.7526377491207502,
        "teacher_pct": 0.0
      },
      {
        "tau": 0.3,
        "accuracy": 0.6632231404958677,
        "retention": 0.7526377491207502,
        "teacher_pct": 0.0
      },
      {
        "tau": 0.32,
        "accuracy": 0.6632231404958677,
        "retention": 0.7526377491207502,
        "teacher_pct": 0.0
      },
      {
        "tau": 0.34,
        "accuracy": 0.6632231404958677,
        "retention": 0.7526377491207502,
        "teacher_pct": 0.0
      },
      {
        "tau": 0.36,
        "accuracy": 0.6632231404958677,
        "retention": 0.7526377491207502,
        "teacher_pct": 0.0
      },
      {
        "tau": 0.38,
        "accuracy": 0.6632231404958677,
        "retention": 0.7526377491207502,
        "teacher_pct": 0.0
      },
      {
        "tau": 0.4,
        "accuracy": 0.6632231404958677,
        "retention": 0.7526377491207502,
        "teacher_pct": 0.0
      },
      {
        "tau": 0.42,
        "accuracy": 0.6663223140495868,
        "retention": 0.7561547479484173,
        "teacher_pct": 0.30991735537190085
      },
      {
        "tau": 0.44,
        "accuracy": 0.6673553719008265,
        "retention": 0.7573270808909731,
        "teacher_pct": 0.6198347107438017
      },
      {
        "tau": 0.46,
        "accuracy": 0.6797520661157025,
        "retention": 0.7713950762016413,
        "teacher_pct": 2.37603305785124
      },
      {
        "tau": 0.48,
        "accuracy": 0.6869834710743802,
        "retention": 0.779601406799531,
        "teacher_pct": 4.028925619834711
      },
      {
        "tau": 0.5,
        "accuracy": 0.7159090909090909,
        "retention": 0.8124267291910903,
        "teacher_pct": 8.47107438016529
      },
      {
        "tau": 0.52,
        "accuracy": 0.756198347107438,
        "retention": 0.8581477139507621,
        "teacher_pct": 15.18595041322314
      },
      {
        "tau": 0.54,
        "accuracy": 0.7768595041322314,
        "retention": 0.8815943728018757,