{
  "version": "v2_distilbert_student",
  "config": {
    "data_dir": "D:\\University\\Year5\\MLP\\MLP_Project\\FinancialPhraseBank-v1.0",
    "results_dir": "results_v2",
    "student_model": "distilbert-base-uncased",
    "student_max_length": 128,
    "batch_size": 16,
    "ce_epochs": 4,
    "kd_epochs": 2,
    "lr": 2e-05,
    "weight_decay": 0.01,
    "warmup_ratio": 0.1,
    "use_kd": false,
    "alpha": 0.5,
    "kd_temperature": 2.0,
    "test_split": 0.2,
    "val_split": 0.2,
    "target_retention": 0.98,
    "max_teacher_pct": 30.0,
    "n_bootstrap": 1000,
    "seed": 42
  },
  "training": {
    "ce_history": [
      {
        "epoch": 1,
        "train_loss": 0.7506046293528525,
        "val_accuracy": 0.8223140495867769,
        "val_f1_macro": 0.7873957051201561
      },
      {
        "epoch": 2,
        "train_loss": 0.3573546276970224,
        "val_accuracy": 0.8533057851239669,
        "val_f1_macro": 0.832943093832122
      },
      {
        "epoch": 3,
        "train_loss": 0.21772448114723295,
        "val_accuracy": 0.8305785123966942,
        "val_f1_macro": 0.8208112194128608
      },
      {
        "epoch": 4,
        "train_loss": 0.1405870569255817,
        "val_accuracy": 0.8522727272727273,
        "val_f1_macro": 0.8370921322895283
      }
    ],
    "kd_enabled": false,
    "kd_history": []
  },
  "threshold_optimization": {
    "validation_teacher_acc": 0.8925619834710744,
    "opt_results": {
      "0.0": {
        "tau": 0.9600000000000001,
        "accuracy": 0.8925619834710744,
        "f1_macro": 0.8890923325757337,
        "finbert_pct": 100.0,
        "vader_pct": 0.0,
        "cost": 0.1074380165289256
      },
      "0.01": {
        "tau": 0.91,
        "accuracy": 0.8894628099173554,
        "f1_macro": 0.8869141476966643,
        "finbert_pct": 48.03719008264463,
        "vader_pct": 51.962809917355365,
        "cost": 0.11534090909090908
      },
      "0.05": {
        "tau": 0.85,
        "accuracy": 0.881198347107438,
        "f1_macro": 0.8774970655409274,
        "finbert_pct": 24.276859504132233,
        "vader_pct": 75.72314049586777,
        "cost": 0.13094008264462806
      },
      "0.1": {
        "tau": 0.85,
        "accuracy": 0.881198347107438,
        "f1_macro": 0.8774970655409274,
        "finbert_pct": 24.276859504132233,
        "vader_pct": 75.72314049586777,
        "cost": 0.14307851239669417
      },
      "0.2": {
        "tau": 0.45,
        "accuracy": 0.8533057851239669,
        "f1_macro": 0.8389266275842724,
        "finbert_pct": 0.30991735537190085,
        "vader_pct": 99.69008264462809,
        "cost": 0.14731404958677688
      },
      "0.5": {
        "tau": 0.01,
        "accuracy": 0.8522727272727273,
        "f1_macro": 0.8370921322895283,
        "finbert_pct": 0.0,
        "vader_pct": 100.0,
        "cost": 0.1477272727272727
      }
    },
    "target_operating_point": {
      "tau": 0.8300000000000001,
      "accuracy": 0.8770661157024794,
      "finbert_pct": 20.351239669421485,
      "meets_target": true
    },
    "selected_tau": 0.8300000000000001
  },
  "expA_baselines": {
    "VADER": {
      "accuracy": 0.5454545454545454,
      "f1_macro": 0.4986070494880838,
      "total_time": 0.10949206352233887,
      "avg_time_ms": 0.11311163587018477
    },
    "DistilBERT": {
      "accuracy": 0.8543388429752066,
      "f1_macro": 0.8419869970855536,
      "total_time": 1.6992008686065674,
      "avg_time_ms": 1.7553727981472802
    },
    "FinBERT": {
      "accuracy": 0.881198347107438,
      "f1_macro": 0.8720214897085038,
      "total_time": 3.4113821983337402,
      "avg_time_ms": 3.5241551635679134
    }
  },
  "expB_hypothesis": {
    "teacher_accuracy": 0.881198347107438,
    "teacher_f1": 0.8720214897085038,
    "hybrid_accuracy": 0.8739669421487604,
    "hybrid_f1": 0.8659367202165492,
    "accuracy_retention": 0.9917936694021102,
    "f1_retention": 0.9930222252963186,
    "teacher_usage_pct": 20.454545454545457,
    "target_retention": 0.98,
    "target_max_teacher_pct": 30.0,
    "hypothesis_accuracy_met": true,
    "hypothesis_cost_met": true,
    "selected_tau": 0.8300000000000001,
    "ci_retention_95": [
      0.9781099678960768,
      1.00711743772242
    ],
    "ci_teacher_usage_95": [
      18.075929752066116,
      23.24380165289256
    ],
    "mcnemar_statistic": 0.9230769230769231,
    "mcnemar_p_value": 0.3366683676100388,
    "sweep": [
      {
        "tau": 0.0,
        "accuracy": 0.8543388429752066,
        "retention": 0.9695193434935521,
        "teacher_pct": 0.0
      },
      {
        "tau": 0.02,
        "accuracy": 0.8543388429752066,
        "retention": 0.9695193434935521,
        "teacher_pct": 0.0
      },
      {
        "tau": 0.04,
        "accuracy": 0.8543388429752066,
        "retention": 0.9695193434935521,
        "teacher_pct": 0.0
      },
      {
        "tau": 0.06,
        "accuracy": 0.8543388429752066,
        "retention": 0.9695193434935521,
        "teacher_pct": 0.0
      },
      {
        "tau": 0.08,
        "accuracy": 0.8543388429752066,
        "retention": 0.9695193434935521,
        "teacher_pct": 0.0
      },
      {
        "tau": 0.1,
        "accuracy": 0.8543388429752066,
        "retention": 0.9695193434935521,
        "teacher_pct": 0.0
      },
      {
        "tau": 0.12,
        "accuracy": 0.8543388429752066,
        "retention": 0.9695193434935521,
        "teacher_pct": 0.0
      },
      {
        "tau": 0.14,
        "accuracy": 0.8543388429752066,
        "retention": 0.9695193434935521,
        "teacher_pct": 0.0
      },
      {
        "tau": 0.16,
        "accuracy": 0.8543388429752066,
        "retention": 0.9695193434935521,
        "teacher_pct": 0.0
      },
      {
        "tau": 0.18,
        "accuracy": 0.8543388429752066,
        "retention": 0.9695193434935521,
        "teacher_pct": 0.0
      },
      {
        "tau": 0.2,
        "accuracy": 0.8543388429752066,
        "retention": 0.9695193434935521,
        "teacher_pct": 0.0
      },
      {
        "tau": 0.22,
        "accuracy": 0.8543388429752066,
        "retention": 0.9695193434935521,
        "teacher_pct": 0.0
      },
      {
        "tau": 0.24,
        "accuracy": 0.8543388429752066,
        "retention": 0.9695193434935521,
        "teacher_pct": 0.0
      },
      {
        "tau": 0.26,
        "accuracy": 0.8543388429752066,
        "retention": 0.9695193434935521,
        "teacher_pct": 0.0
      },
      {
        "tau": 0.28,
        "accuracy": 0.8543388429752066,
        "retention": 0.9695193434935521,
        "teacher_pct": 0.0
      },
      {
        "tau": 0.3,
        "accuracy": 0.8543388429752066,
        "retention": 0.9695193434935521,
        "teacher_pct": 0.0
      },
      {
        "tau": 0.32,
        "accuracy": 0.8543388429752066,
        "retention": 0.9695193434935521,
        "teacher_pct": 0.0
      },
      {
        "tau": 0.34,
        "accuracy": 0.8543388429752066,
        "retention": 0.9695193434935521,
        "teacher_pct": 0.0
      },
      {
        "tau": 0.36,
        "accuracy": 0.8543388429752066,
        "retention": 0.9695193434935521,
        "teacher_pct": 0.10330578512396695
      },
      {
        "tau": 0.38,
        "accuracy": 0.8543388429752066,
        "retention": 0.9695193434935521,
        "teacher_pct": 0.10330578512396695
      },
      {
        "tau": 0.4,
        "accuracy": 0.8543388429752066,
        "retention": 0.9695193434935521,
        "teacher_pct": 0.10330578512396695
      },
      {
        "tau": 0.42,
        "accuracy": 0.8543388429752066,
        "retention": 0.9695193434935521,
        "teacher_pct": 0.10330578512396695
      },
      {
        "tau": 0.44,
        "accuracy": 0.8543388429752066,
        "retention": 0.9695193434935521,
        "teacher_pct": 0.10330578512396695
      },
      {
        "tau": 0.46,
        "accuracy": 0.8543388429752066,
        "retention": 0.9695193434935521,