{
  "FinBERT (ProsusAI)": {
    "accuracy": 0.881198347107438,
    "f1_macro": 0.8720214897085038,
    "ece": 0.02331208259113564,
    "bin_data": {
      "bin_boundaries": [
        0.0,
        0.06666666666666667,
        0.13333333333333333,
        0.2,
        0.26666666666666666,
        0.3333333333333333,
        0.4,
        0.4666666666666667,
        0.5333333333333333,
        0.6,
        0.6666666666666666,
        0.7333333333333333,
        0.8,
        0.8666666666666667,
        0.9333333333333333,
        1.0
      ],
      "bin_accuracies": [
        0.0,
        0.0,
        0.0,
        0.0,
        0.0,
        0.5,
        1.0,
        0.4,
        0.4722222222222222,
        0.6363636363636364,
        0.6129032258064516,
        0.8153846153846154,
        0.84,
        0.9198473282442748,
        0.9692671394799054
      ],
      "bin_confidences": [
        0.03333333333333333,
        0.1,
        0.16666666666666669,
        0.23333333333333334,
        0.3,
        0.3890001177787781,
        0.4351728558540344,
        0.5107184012730916,
        0.5665773567226198,
        0.6358696475173488,
        0.7037841043164653,
        0.7716137225811298,
        0.8363922047615051,
        0.9067107423116233,
        0.9521502925712729
      ],
      "bin_counts": [
        0,
        0,
        0,
        0,
        0,
        2,
        1,
        15,
        36,
        33,
        31,
        65,
        100,
        262,
        423
      ],
      "n_bins": 15
    },
    "confusion_matrix": [
      [
        117,
        3,
        1
      ],
      [
        31,
        486,
        58
      ],
      [
        4,
        18,
        250
      ]
    ],
    "classification_report": {
      "negative": {
        "precision": 0.7697368421052632,
        "recall": 0.9669421487603306,
        "f1-score": 0.8571428571428571,
        "support": 121.0
      },
      "neutral": {
        "precision": 0.9585798816568047,
        "recall": 0.8452173913043478,
        "f1-score": 0.8983364140480592,
        "support": 575.0
      },
      "positive": {
        "precision": 0.8090614886731392,
        "recall": 0.9191176470588235,
        "f1-score": 0.8605851979345955,
        "support": 272.0
      },
      "accuracy": 0.881198347107438,
      "macro avg": {
        "precision": 0.8457927374784023,
        "recall": 0.9104257290411674,
        "f1-score": 0.8720214897085038,
        "support": 968.0
      },
      "weighted avg": {
        "precision": 0.8929610689736504,
        "recall": 0.881198347107438,
        "f1-score": 0.8825794397005472,
        "support": 968.0
      }
    },
    "inference_time_s": 10.597453594207764,
    "throughput_samples_per_s": 91.34269769570669,
    "n_samples": 968,
    "logits_shape": [
      968,
      3
    ],
    "model_id": "ProsusAI/finbert"
  },
  "DistilRoBERTa-Financial": {
    "accuracy": 0.8502066115702479,
    "f1_macro": 0.8358354096189311,
    "ece": 0.1410857096683881,
    "bin_data": {
      "bin_boundaries": [
        0.0,
        0.06666666666666667,
        0.13333333333333333,
        0.2,
        0.26666666666666666,
        0.3333333333333333,
        0.4,
        0.4666666666666667,
        0.5333333333333333,
        0.6,
        0.6666666666666666,
        0.7333333333333333,
        0.8,
        0.8666666666666667,
        0.9333333333333333,
        1.0
      ],
      "bin_accuracies": [
        0.0,
        0.0,
        0.0,
        0.0,
        0.0,
        0.0,
        0.0,
        0.6666666666666666,
        1.0,
        0.0,
        0.6666666666666666,
        0.625,
        0.5,
        0.6,
        0.8627027027027027
      ],
      "bin_confidences": [
        0.03333333333333333,
        0.1,
        0.16666666666666669,
        0.23333333333333334,
        0.3,
        0.3666666666666667,
        0.43333333333333335,
        0.5206199487050375,
        0.5589463114738464,
        0.6419564882914225,
        0.684119462966919,
        0.7704046592116356,
        0.8274862170219421,
        0.899947053194046,
        0.9982070373200082
      ],
      "bin_counts": [
        0,
        0,
        0,
        0,
        0,
        0,
        0,
        3,
        3,
        3,
        6,
        8,
        10,
        10,
        925
      ],
      "n_bins": 15
    },
    "confusion_matrix": [
      [
        99,
        18,
        4
      ],
      [
        18,
        510,
        47
      ],
      [
        0,
        58,
        214
      ]
    ],
    "classification_report": {
      "negative": {
        "precision": 0.8461538461538461,
        "recall": 0.8181818181818182,
        "f1-score": 0.8319327731092437,
        "support": 121.0
      },
      "neutral": {
        "precision": 0.8703071672354948,
        "recall": 0.8869565217391304,
        "f1-score": 0.8785529715762274,
        "support": 575.0
      },
      "positive": {
        "precision": 0.8075471698113208,
        "recall": 0.7867647058823529,
        "f1-score": 0.7970204841713222,
        "support": 272.0
      },
      "accuracy": 0.8502066115702479,
      "macro avg": {
        "precision": 0.8413360610668873,
        "recall": 0.8306343486011004,
        "f1-score": 0.8358354096189311,
        "support": 968.0
      },
      "weighted avg": {
        "precision": 0.8496529615017605,
        "recall": 0.8502066115702479,
        "f1-score": 0.849815491629286,
        "support": 968.0
      }
    },
    "inference_time_s": 5.338247537612915,
    "throughput_samples_per_s": 181.332917437706,
    "n_samples": 968,
    "logits_shape": [
      968,
      3
    ],
    "model_id": "mrm8488/distilroberta-finetuned-financial-news-sentiment-analysis"
  },
  "FinancialBERT-Sentiment": {
    "accuracy": 0.9555785123966942,
    "f1_macro": 0.954579099830108,
    "ece": 0.03824422126712874,
    "bin_data": {
      "bin_boundaries": [
        0.0,
        0.06666666666666667,
        0.13333333333333333,
        0.2,
        0.26666666666666666,
        0.3333333333333333,
        0.4,
        0.4666666666666667,
        0.5333333333333333,
        0.6,
        0.6666666666666666,
        0.7333333333333333,
        0.8,
        0.8666666666666667,
        0.9333333333333333,
        1.0
      ],
      "bin_accuracies": [
        0.0,
        0.0,
        0.0,
        0.0,
        0.0,
        0.0,
        0.0,
        0.0,
        0.5,
        1.0,
        0.3333333333333333,
        1.0,
        0.7142857142857143,
        0.7857142857142857,
        0.9667381974248928
      ],
      "bin_confidences": [
        0.03333333333333333,
        0.1,
        0.16666666666666669,
        0.23333333333333334,
        0.3,
        0.3666666666666667,
        0.43333333333333335,
        0.525354415178299,
        0.5523788928985596,
        0.6435721516609192,
        0.702059288819631,
        0.7838998734951019,
        0.8365331888198853,
        0.9015047933374133,
        0.9985775757628961
      ],
      "bin_counts": [
        0,
        0,
        0,
        0,
        0,
        0,
        0,
        2,
        2,
        3,
        6,
        2,
        7,
        14,
        932
      ],
      "n_bins": 15
    },
    "confusion_matrix": [
      [
        115,
        4,
        2
      ],
      [
        1,
        547,
        27
      ],
      [
        1,
        8,
        263
      ]
    ],
    "classification_report": {
      "negative": {
        "precision": 0.9829059829059829,
        "recall": 0.9504132231404959,
        "f1-score": 0.9663865546218487,
        "support": 121.0
      },
      "neutral": {
        "precision": 0.9785330948121646,
        "recall": 0.951304347826087,
        "f1-score": 0.9647266313932981,
        "support": 575.0
      },
      "positive": {
        "precision": 0.9006849315068494,
        "recall": 0.9669117647058824,
        "f1-score": 0.9326241134751773,
        "support": 272.0
      },
      "accuracy": 0.9555785123966942,