{
  "version": "v4_quantized_early_exit_xgboost_router",
  "config": {
    "data_dir": "FinancialPhraseBank-v1.0",
    "results_dir": "results_v4_smoke",
    "model_name": "ProsusAI/finbert",
    "exit_layer": 4,
    "max_length": 128,
    "batch_size": 32,
    "test_split": 0.2,
    "val_split": 0.2,
    "router_trees": 120,
    "router_max_depth": 6,
    "router_learning_rate": 0.05,
    "router_subsample": 0.9,
    "router_colsample": 0.9,
    "router_min_child_weight": 1.0,
    "router_reg_lambda": 1.0,
    "target_retention": 0.98,
    "max_layer_fraction": 0.35,
    "cost_lambda": 0.35,
    "tau_min": 0.05,
    "tau_max": 0.99,
    "tau_steps": 35,
    "n_bootstrap": 200,
    "demo_text": "Revenue fell, but strategic guidance remains strong.",
    "seed": 42
  },
  "model": {
    "backbone": "ProsusAI/finbert",
    "quantized_int8_dynamic": true,
    "exit_layer": 4,
    "num_hidden_layers": 12,
    "router_feature_names": [
      "layer4_logit_negative",
      "layer4_logit_neutral",
      "layer4_logit_positive",
      "hedge_count"
    ]
  },
  "training": {
    "early_exit_head": {
      "type": "LogisticRegression(multinomial)",
      "train_accuracy": 0.8256374913852516
    },
    "router": {
      "type": "xgboost",
      "train_reliable_rate": 0.8256374913852516,
      "feature_importance": {
        "layer4_logit_negative": 0.25169646739959717,
        "layer4_logit_neutral": 0.2864956557750702,
        "layer4_logit_positive": 0.28653717041015625,
        "hedge_count": 0.17527073621749878
      }
    }
  },
  "threshold_selection": {
    "validation_full_accuracy": 0.8657024793388429,
    "selected_tau": 0.7411764705882353,
    "selected_point": {
      "tau": 0.7411764705882353,
      "accuracy": 0.7789256198347108,
      "retention": 0.8997613365155132,
      "early_exit_pct": 70.76446280991735,
      "avg_layers": 6.338842975206611,
      "layer_fraction": 0.5282369146005509,
      "cost": 0.40595730027548205
    },
    "sweep": [
      {
        "tau": 0.05,
        "accuracy": 0.6849173553719008,
        "retention": 0.7911694510739857,
        "early_exit_pct": 100.0,
        "avg_layers": 4.0,
        "layer_fraction": 0.3333333333333333,
        "cost": 0.43174931129476585
      },
      {
        "tau": 0.07764705882352942,
        "accuracy": 0.6849173553719008,
        "retention": 0.7911694510739857,
        "early_exit_pct": 100.0,
        "avg_layers": 4.0,
        "layer_fraction": 0.3333333333333333,
        "cost": 0.43174931129476585
      },
      {
        "tau": 0.10529411764705882,
        "accuracy": 0.6849173553719008,
        "retention": 0.7911694510739857,
        "early_exit_pct": 100.0,
        "avg_layers": 4.0,
        "layer_fraction": 0.3333333333333333,
        "cost": 0.43174931129476585
      },
      {
        "tau": 0.13294117647058823,
        "accuracy": 0.6849173553719008,
        "retention": 0.7911694510739857,
        "early_exit_pct": 100.0,
        "avg_layers": 4.0,
        "layer_fraction": 0.3333333333333333,
        "cost": 0.43174931129476585
      },
      {
        "tau": 0.16058823529411764,
        "accuracy": 0.6849173553719008,
        "retention": 0.7911694510739857,
        "early_exit_pct": 100.0,
        "avg_layers": 4.0,
        "layer_fraction": 0.3333333333333333,
        "cost": 0.43174931129476585
      },
      {
        "tau": 0.18823529411764706,
        "accuracy": 0.6849173553719008,
        "retention": 0.7911694510739857,
        "early_exit_pct": 100.0,
        "avg_layers": 4.0,
        "layer_fraction": 0.3333333333333333,
        "cost": 0.43174931129476585
      },
      {
        "tau": 0.21588235294117647,
        "accuracy": 0.6859504132231405,
        "retention": 0.7923627684964202,
        "early_exit_pct": 99.79338842975206,
        "avg_layers": 4.016528925619834,
        "layer_fraction": 0.33471074380165283,
        "cost": 0.43119834710743793
      },
      {
        "tau": 0.24352941176470588,
        "accuracy": 0.6859504132231405,
        "retention": 0.7923627684964202,
        "early_exit_pct": 99.69008264462809,
        "avg_layers": 4.024793388429752,
        "layer_fraction": 0.3353994490358127,
        "cost": 0.4314393939393939
      },
      {
        "tau": 0.2711764705882353,
        "accuracy": 0.6859504132231405,
        "retention": 0.7923627684964202,
        "early_exit_pct": 99.69008264462809,
        "avg_layers": 4.024793388429752,
        "layer_fraction": 0.3353994490358127,
        "cost": 0.4314393939393939
      },
      {
        "tau": 0.2988235294117647,
        "accuracy": 0.6849173553719008,
        "retention": 0.7911694510739857,
        "early_exit_pct": 99.48347107438018,
        "avg_layers": 4.041322314049587,
        "layer_fraction": 0.3367768595041323,
        "cost": 0.4329545454545455
      },
      {
        "tau": 0.32647058823529407,
        "accuracy": 0.6849173553719008,
        "retention": 0.7911694510739857,
        "early_exit_pct": 99.17355371900827,
        "avg_layers": 4.066115702479339,
        "layer_fraction": 0.33884297520661155,
        "cost": 0.4336776859504132
      },
      {
        "tau": 0.3541176470588235,
        "accuracy": 0.6859504132231405,
        "retention": 0.7923627684964202,
        "early_exit_pct": 98.55371900826447,
        "avg_layers": 4.115702479338843,
        "layer_fraction": 0.34297520661157027,
        "cost": 0.434090909090909
      },
      {
        "tau": 0.3817647058823529,
        "accuracy": 0.6869834710743802,
        "retention": 0.7935560859188545,
        "early_exit_pct": 98.24380165289256,
        "avg_layers": 4.140495867768595,
        "layer_fraction": 0.3450413223140496,
        "cost": 0.4337809917355372
      },
      {
        "tau": 0.4094117647058823,
        "accuracy": 0.6869834710743802,
        "retention": 0.7935560859188545,
        "early_exit_pct": 97.93388429752066,
        "avg_layers": 4.165289256198347,
        "layer_fraction": 0.3471074380165289,
        "cost": 0.43450413223140494
      },
      {
        "tau": 0.4370588235294117,
        "accuracy": 0.6849173553719008,
        "retention": 0.7911694510739857,
        "early_exit_pct": 97.52066115702479,
        "avg_layers": 4.198347107438017,
        "layer_fraction": 0.3498622589531681,
        "cost": 0.43753443526170804
      },
      {
        "tau": 0.46470588235294114,
        "accuracy": 0.6869834710743802,
        "retention": 0.7935560859188545,
        "early_exit_pct": 97.10743801652893,
        "avg_layers": 4.231404958677686,
        "layer_fraction": 0.3526170798898072,
        "cost": 0.4364325068870523
      },
      {
        "tau": 0.49235294117647055,
        "accuracy": 0.6869834710743802,
        "retention": 0.7935560859188545,
        "early_exit_pct": 95.66115702479338,
        "avg_layers": 4.347107438016529,
        "layer_fraction": 0.3622589531680441,
        "cost": 0.43980716253443525
      },
      {
        "tau": 0.52,
        "accuracy": 0.6931818181818182,
        "retention": 0.8007159904534608,
        "early_exit_pct": 93.69834710743802,
        "avg_layers": 4.5041322314049586,
        "layer_fraction": 0.3753443526170799,
        "cost": 0.4381887052341597
      },
      {
        "tau": 0.5476470588235294,
        "accuracy": 0.7004132231404959,
        "retention": 0.8090692124105013,
        "early_exit_pct": 91.21900826446281,
        "avg_layers": 4.702479338842975,
        "layer_fraction": 0.3918732782369146,
        "cost": 0.43674242424242415
      },
      {
        "tau": 0.5752941176470588,
        "accuracy": 0.7179752066115702,
        "retention": 0.8293556085918855,
        "early_exit_pct": 88.63636363636364,
        "avg_layers": 4.909090909090909,
        "layer_fraction": 0.4090909090909091,
        "cost": 0.42520661157024797
      },
      {
        "tau": 0.6029411764705882,
        "accuracy": 0.7272727272727273,
        "retention": 0.8400954653937949,
        "early_exit_pct": 86.05371900826447,